{"cameraMode":{"drawMode":0,"name":"Shaded","section":"Shading Mode"},"sceneLighting":true,"audioPlay":false,"sceneViewState":{"showFog":true,"showMaterialUpdate":true,"showSkybox":true,"showFlares":true,"showImageEffects":true,"showParticleSystems":true},"in2DMode":false,"pivot":{"x":492.8443298339844,"y":61.14896011352539,"z":515.9653930664063},"rotation":{"x":-0.13513441383838654,"y":-0.6937209963798523,"z":0.1347486674785614,"w":-0.6946041584014893},"size":63.40840148925781,"orthographic":false}